trial name,train acc,train loss,test acc,test loss,time
example 5% noise,0.56,2.060247392482875,0.42,2.0951173210120202,1.8513870239257812
example 10% noise,0.11,2.2791554750608647,0.28,2.2802578380777758,1.998307228088379
example,0.58,1.9639799093408525,0.55,1.9448783828069289,1.8100621700286865
simple 5% noise,0.87,0.42077067343421659,0.9043,0.33470233133732263,193.10263895988464
